comment,response,tone,period,publication date,collection date,url,processing time,restaurant
"Experiência muito agradável, ao chegar pedimos mesa para 2, e mesmo o ambiente estando bem cheio conseguiram um local agradável na parte superior do restaurante, logo uma música eletrônica nos chamou atenção e curiosidade, o sr. Yuri nos atendeu muito bem e fez a gentileza de nos apresentar de onde vinha o som, (em uma parte reservada há DJ, jogo de luzes, como uma balada, onde pode jantar, beber reservar para comemorações etc muito atrativo funciona dias de sexta e sábado).
a comida estava muito boa, e pedimos drinks temáticos, que estavam saborosos. Voltaremos com certeza!",Agradecemos a visita e esperamos que sua experiência tenha sido incrível. É um prazer ter você por aqui.,,after,,,https://www.tripadvisor.com.br/Restaurant_Review-g303235-d12433911-Reviews-Coco_Bambu_Manaus-Manaus_Amazon_River_State_of_Amazonas.html,,Coco Bambu Manaus
"Boa noite! Fui muito bem atendida desde da proposta inicial, a moça me ajudou com a proposta para que coubesse dentro do meu orçamento da forma que imaginava então devido a experiência ficou como eu queria até para firma de pagamento. Os meninos Matheus, Lucas e Giovanna foram espetacular me ajudando a montar a mesa exatamente como queria até melhor com todo material que trouxe me passando segurança em todo evento.",Agradecemos a preferência e sua avaliação. ❤️,,after,,,https://www.tripadvisor.com.br/Restaurant_Review-g303235-d12433911-Reviews-Coco_Bambu_Manaus-Manaus_Amazon_River_State_of_Amazonas.html,,Coco Bambu Manaus
"Lugar excelente para um happy hour, ou jantar com a familia. Lugar acolhedor, com sofisticação. Uma observação o feijão baião estava muito al dente, poderia ser um mais mácio, o serviço é ótimo. Pagamento de couver e gaçons é opcional. Bom lugar","Olá ,
Agradecemos pela sua avaliação! Seu feedback é fundamental para continuarmos aprimorando nosso serviço e proporcionando momentos especiais. Esperamos te receber novamente em breve!
Atenciosamente,",,after,,,https://www.tripadvisor.com.br/Restaurant_Review-g303235-d12433911-Reviews-Coco_Bambu_Manaus-Manaus_Amazon_River_State_of_Amazonas.html,,Coco Bambu Manaus
"mpecável. Fomos almoçar no Coco Bambu. Nem sei por onde começar. Se pelo serviço e simpatia do empregado Klisman se pela comida em si. Provei talvez o melhor tornedó / filé da minha vida e, atenção, já estou bem perto dos 70. Recomendo.","Ficamos muito felizes em saber que sua experiência em nosso restaurante foi tão especial! 😊 Agradecemos de coração por compartilhar seu feedback positivo. Cada detalhe é pensado com muito carinho para oferecer o melhor aos nossos clientes, e é ótimo ver que conseguimos proporcionar uma refeição memorável para você. Esperamos recebê-lo novamente em breve para mais momentos incríveis juntos! Muito obrigado por escolher nosso restaurante. 🙏🏼🍽️✨",,after,,,https://www.tripadvisor.com.br/Restaurant_Review-g303235-d12433911-Reviews-Coco_Bambu_Manaus-Manaus_Amazon_River_State_of_Amazonas.html,,Coco Bambu Manaus
"O famoso coco bambu,deixou a desejar ... oferece um cardápio online aonde os preços estão todos alterados no sistema..e deixa nos clientes insatisfeito na hora de efetuar o pedido porq não sabemos qual preço certo","Olá! Me chamo Ricardo e sou um dos diretores da unidade. Lamento muito pela sua experiencia em nossa loja, trabalhamos diariamente para agradar nossos clientes e quando não atingimos as expectativas, ficamos triste. Gostaria de ter a oportunidade de conversar com você e, assim, termos um feedback direcionado. Nos importamos com os direcionamentos dos nosso clientes para constantemente evoluirmos. Aguardo contato em nosso link. https://qr.cocobambu.com/Manaus_donos Att,",,after,,,https://www.tripadvisor.com.br/Restaurant_Review-g303235-d12433911-Reviews-Coco_Bambu_Manaus-Manaus_Amazon_River_State_of_Amazonas.html,,Coco Bambu Manaus
"Experiência muito agradável, ao chegar pedimos mesa para 2, e mesmo o ambiente estando bem cheio conseguiram um local agradável na parte superior do restaurante, logo uma música eletrônica nos chamou atenção e curiosidade, o sr. Yuri nos atendeu muito bem e fez a gentileza de nos apresentar de onde vinha o som, (em uma parte reservada há DJ, jogo de luzes, como uma balada, onde pode jantar, beber reservar para comemorações etc muito atrativo funciona dias de sexta e sábado).
a comida estava muito boa, e pedimos drinks temáticos, que estavam saborosos. Voltaremos com certeza!",Agradecemos a visita e esperamos que sua experiência tenha sido incrível. É um prazer ter você por aqui.,,after,03/02/2024,18/10/2025,https://www.tripadvisor.com.br/Restaurant_Review-g303235-d12433911-Reviews-Coco_Bambu_Manaus-Manaus_Amazon_River_State_of_Amazonas.html,,Coco Bambu Manaus
"Venho todo mês com esposo após o sábado da minha pós na iPog assim como vi hj amigos e professores . E a demora do shopping durante a promoção o Happy hour é absurda, principalmente após as 19h. Se atendessem em menor tempo possível, iriam proporcionar melhor experiência ao cliente. Maior venda dos produtos. E o pior pagar o couvert quase no final da experiência não tá certo. Deve ser pelo menos com uma hora de curtir o happy",❤️ É um prazer ter você por aqui. Volte sempre!,,after,10/11/2023,18/10/2025,https://www.tripadvisor.com.br/Restaurant_Review-g303235-d12433911-Reviews-Coco_Bambu_Manaus-Manaus_Amazon_River_State_of_Amazonas.html,,Coco Bambu Manaus
"Boa noite! Fui muito bem atendida desde da proposta inicial, a moça me ajudou com a proposta para que coubesse dentro do meu orçamento da forma que imaginava então devido a experiência ficou como eu queria até para firma de pagamento. Os meninos Matheus, Lucas e Giovanna foram espetacular me ajudando a montar a mesa exatamente como queria até melhor com todo material que trouxe me passando segurança em todo evento.","Agradecemos a preferência e sua avaliação. ❤️
",,after,25/10/2023,18/10/2025,https://www.tripadvisor.com.br/Restaurant_Review-g303235-d12433911-Reviews-Coco_Bambu_Manaus-Manaus_Amazon_River_State_of_Amazonas.html,,Coco Bambu Manaus
"Lugar excelente para um happy hour, ou jantar com a familia. Lugar acolhedor, com sofisticação. Uma observação o feijão baião estava muito al dente, poderia ser um mais mácio, o serviço é ótimo. Pagamento de couver e gaçons é opcional. Bom lugar","Olá ,
Agradecemos pela sua avaliação! Seu feedback é fundamental para continuarmos aprimorando nosso serviço e proporcionando momentos especiais. Esperamos te receber novamente em breve!
Atenciosamente,",,after,16/07/2025,18/10/2025,https://www.tripadvisor.com.br/Restaurant_Review-g303235-d12433911-Reviews-Coco_Bambu_Manaus-Manaus_Amazon_River_State_of_Amazonas.html,,Coco Bambu Manaus
"Ambiente aconchegante. Comida deliciosa, ótimo atendimento, a cantora Nara da Mata impecável, o nosso atendente Rodrigo super gentil e atencioso. Grata pela experiência, voltarei outras vezes com certeza.",❤️ É um prazer ter você por aqui. Volte sempre!,,after,11/11/2023,18/10/2025,https://www.tripadvisor.com.br/Restaurant_Review-g303235-d12433911-Reviews-Coco_Bambu_Manaus-Manaus_Amazon_River_State_of_Amazonas.html,,Coco Bambu Manaus
"Quero deixar um agradecimento especial ao garçom Marques pelo atendimento incrível! Sua atenção, simpatia e profissionalismo fizeram toda a diferença na nossa experiência. Obrigado por tornar nossa refeição ainda mais especial! Você é demais!
","É um prazer ter você por aqui. Volte sempre!
",,after,18/08/2024,18/10/2025,https://www.tripadvisor.com.br/Restaurant_Review-g303235-d12433911-Reviews-Coco_Bambu_Manaus-Manaus_Amazon_River_State_of_Amazonas.html,,Coco Bambu Manaus
"Impecável. Fomos almoçar no Coco Bambu. Nem sei por onde começar. Se pelo serviço e simpatia do empregado Klisman se pela comida em si. Provei talvez o melhor tornedó / filé da minha vida e, atenção, já estou bem perto dos 70. Recomendo.
","Ficamos muito felizes em saber que sua experiência em nosso restaurante foi tão especial! 😊 Agradecemos de coração por compartilhar seu feedback positivo. Cada detalhe é pensado com muito carinho para oferecer o melhor aos nossos clientes, e é ótimo ver que conseguimos proporcionar uma refeição memorável para você. Esperamos recebê-lo novamente em breve para mais momentos incríveis juntos! Muito obrigado por escolher nosso restaurante. 🙏🏼🍽️✨

",,after,25/03/2025,18/10/2025,https://www.tripadvisor.com.br/Restaurant_Review-g303235-d12433911-Reviews-Coco_Bambu_Manaus-Manaus_Amazon_River_State_of_Amazonas.html,,Coco Bambu Manaus
"Tivemos uma ótima experiência na unidade Coco Bambu Ponta Negra, em Manaus Um excelente atendimento com o garçom Audir, super gentil e atencioso. O Arthur também nos ofereceu um ótimo atendimento. Estão de parabéns!
","Olá, Muito obrigado pela sua avaliação! É uma alegria saber que sua experiência foi positiva. Seu feedback nos inspira a seguir aprimorando nossos serviços e oferecendo momentos cada vez mais especiais. Esperamos revê-lo em breve! Atenciosamente,",,after,25/08/2025,18/10/2025,https://www.tripadvisor.com.br/Restaurant_Review-g303235-d12433911-Reviews-Coco_Bambu_Manaus-Manaus_Amazon_River_State_of_Amazonas.html,,Coco Bambu Manaus
Comida indicada muito gostosa. Meu filho amou! Ainda levamos para casa dele um boa porção. Seu Ademar e seu Ezequiel nos atenderam super bem. Ao ponto de meu filho mais novo levantar e dar um abração no seu Alelar.,É um prazer ter você por aqui. Volte sempre!,,after,14/09/2023,18/10/2025,https://www.tripadvisor.com.br/Restaurant_Review-g303235-d12433911-Reviews-Coco_Bambu_Manaus-Manaus_Amazon_River_State_of_Amazonas.html,,Coco Bambu Manaus
Comi uma pescada amarela ao molho de alcaparras ontem. E o peixe estava estragado. Meu marido amanheceu com desarranjo intestinal. Eu avisei a atendente sobre a textura do peixe estar estranha um peixei em posta parecia um purê quando se comia. Estou grávida e pegar uma infecção simplesmente é risco de perder o bebê.,"Oi Glauciacamposgoetttudo bem? Primeiramente, lamentamos pelo ocorrido 😕 Vamos solicitar que a situação seja verificada e vamos confirmar o que houve, mas para isso, precisamos que encaminhe o ocorrido para sac@ocamarada.com.br com um telefone para contato! Esperamos te atender novamente, para proporcionar uma experiência de excelência em qualquer lugar! De toda forma, gostaria de reforçar que seguimos os padrões de verificação e conservação dos alimentos, para servirmos itens com qualidade aos nossos clientes! Fico no seu agardo para continuidade do atendiemtno! Atenciosamente, Equipe Camarada Camarão 🦐",,after,01/11/2023,18/10/2025,https://www.tripadvisor.com.br/Restaurant_Review-g303235-d24175476-Reviews-Camarada_Camarao_Manaus_Manauara_Shopping-Manaus_Amazon_River_State_of_Amazonas.html,,Camarada Camarão
Gostaria aqui de deixar minha avaliação pela comida maravilhosa e tb pelo atendimento do garçom Hermano e tb a Amanda mas em geral todos atendentes são educados e prestativos! Super recomendo esse local,"Muito obrigado por sua avaliação! É bom saber que você ficou satisfeito com o nosso serviço. Nós ficamos gratos por sua preferência e te esperamos para uma próxima visita em breve.
Com carinho,
Equipe Coco Bambu",,after,19/09/2025,18/10/2025,https://www.tripadvisor.com.br/Restaurant_Review-g303631-d3419295-Reviews-Coco_Bambu_JK-Sao_Paulo_State_of_Sao_Paulo.html,,Coco Bambu Manaus
"Espaço muito aconchegante. Fomos muito bem recepcionados pelo Ronaldo e Israel, com certeza um espaço incrível para vir mais vezes.","Muito obrigado por sua avaliação! É bom saber que você ficou satisfeito com o nosso serviço. Nós ficamos gratos por sua preferência e te esperamos para uma próxima visita em breve.
Com carinho,
Equipe Coco Bambu",,after,18/09/2025,18/10/2025,https://www.tripadvisor.com.br/Restaurant_Review-g303631-d3419295-Reviews-Coco_Bambu_JK-Sao_Paulo_State_of_Sao_Paulo.html,,Coco Bambu Manaus
"Experiência sempre incrível nesse restaurante que já é um dos meus favoritos, sem contar o atendimento impecável do garçom Ronaldo e do Israel, sem dúvidas um dos melhores atendimento que já tivemos.","Muito obrigado por sua avaliação! É bom saber que você ficou satisfeito com o nosso serviço. Nós ficamos gratos por sua preferência e te esperamos para uma próxima visita em breve.
Com carinho,
Equipe Coco Bambu",,after,18/09/2025,18/10/2025,https://www.tripadvisor.com.br/Restaurant_Review-g303631-d3419295-Reviews-Coco_Bambu_JK-Sao_Paulo_State_of_Sao_Paulo.html,,Coco Bambu Manaus
"Ótima!!! Ótimo atendimento (pela Carol, uma querida), ambiente agradável, bonito, música ambiente na medida certa! Muito bom.
","Olá! Agradecemos sua avaliação! Avaliações preciosas como essa são a nossa inspiração para seguir fazendo melhor o que fazemos. Conte sempre conosco! E até uma próxima visita.
Com carinho,
Equipe Coco Bambu",,after,04/09/2025,18/10/2025,https://www.tripadvisor.com.br/Restaurant_Review-g303631-d3419295-Reviews-Coco_Bambu_JK-Sao_Paulo_State_of_Sao_Paulo.html,,Coco Bambu Manaus